{"train_losses": [0.691824384512212, 0.6816854757351438, 0.6697924832720291, 0.6639602789942373, 0.6611111665440497, 0.6572740490309973, 0.6562966012793522, 0.6507041663624795, 0.6465514911811663, 0.6433445123726341, 0.6396768840389475, 0.6352780502793992, 0.6334566502287602, 0.6290896870692176, 0.6265015518553904], "train_accs": [52.34639093259097, 56.497315569695765, 59.330880890833164, 60.3176575860012, 60.68055279379598, 61.16275601511235, 61.470968383376416, 62.348379399483, 63.03688606084709, 63.36249751441638, 63.71047922052098, 64.2274806124478, 64.51332272817658, 65.02535295287333, 65.32113740306224], "val_losses": [0.6921330612782296, 0.66664216062699, 0.6652189521247991, 0.6640868279412182, 0.6616662223913663, 0.6781151894056896, 0.6620498789974857, 0.6494218680667084, 0.6562504538868933, 0.6467090704764685, 0.6393174192251592, 0.6467401502535284, 0.6276777467569156, 0.6369940415643919, 0.6337415757601942], "val_accs": [51.59279778393352, 59.903047091412745, 59.34903047091413, 61.0803324099723, 61.149584487534625, 59.21052631578947, 61.772853185595565, 62.46537396121884, 63.01939058171745, 63.29639889196676, 64.61218836565097, 62.742382271468145, 65.92797783933518, 65.51246537396122, 64.9584487534626], "best_val_acc": 65.92797783933518, "best_epoch": 13}