{"train_losses": [0.15896253996312237, 0.1484811005434756, 0.14286164025952822, 0.1361462442732569, 0.12922834720947088, 0.11872833355594037, 0.09884670386309309], "train_accs": [66.55617004264393, 69.98267590618337, 71.85334488272922, 73.64905383795309, 75.32982409381663, 78.29824093816632, 83.35720948827291], "val_losses": [0.15300825958870803, 0.15082474126946252, 0.15046969812656935, 0.15134992949111561, 0.15532917131775856, 0.16599167683987223, 0.17496231679118018], "val_accs": [68.60996799268405, 69.82929431489103, 69.7454656302393, 70.17222984301173, 69.47111720774272, 69.39490931260478, 68.73190062490474], "val_aucs": [0.7436255754825719, 0.7487666822284036, 0.7539488599777626, 0.7579943772275024, 0.7460590616944276, 0.7486329030878538, 0.7406878520185767], "best_val_auc": 0.7579943772275024, "best_epoch": 4, "test_loss": 0.1495402522922921, "test_acc": 70.94132545377796, "test_auc": 0.7626865064796208, "total_train_time": 9955.413167953491, "test_time": 198.9954686164856}